{
  "project_info": {
    "project_number": "617839598665",
    "firebase_url": "https://phnrecorder.firebaseio.com",
    "project_id": "phnrecorder",
    "storage_bucket": "phnrecorder.appspot.com"
  },
  "client": [
    {
      "client_info": {
        "mobilesdk_app_id": "1:617839598665:android:69d2f7e70470a631",
        "android_client_info": {
          "package_name": "com.example.phnrecorder"
        }
      },
      "oauth_client": [
        {
          "client_id": "617839598665-k6fabaqfn7dfk728ioisgljhjrq85e9b.apps.googleusercontent.com",
          "client_type": 1,
          "android_info": {
            "package_name": "com.example.phnrecorder",
            "certificate_hash": "2c340d64b914ad0d722ca89041ff32bd1f151586"
          }
        },
        {
          "client_id": "617839598665-p179c0agq1s9c4hnqlcfdn0ooqmjojnr.apps.googleusercontent.com",
          "client_type": 3
        }
      ],
      "api_key": [
        {
          "current_key": "AIzaSyB9_D0FpEvmz4_qjXcebq4N1vRiTcL-XDo"
        }
      ],
      "services": {
        "appinvite_service": {
          "other_platform_oauth_client": [
            {
              "client_id": "617839598665-p179c0agq1s9c4hnqlcfdn0ooqmjojnr.apps.googleusercontent.com",
              "client_type": 3
            }
          ]
        }
      }
    }
  ],
  "configuration_version": "1"
}